ID,Nombre,Tipo,Año de Estreno,Mes de Estreno
tt10225380,Multiverso,Movie,2024,6
tt10844184,Detour 95,Movie,2024,10
tt10928904,The Legend of Johnny Jones,Movie,2024,10
tt11078340,Slasher House 3,Movie,2024,3
tt11374514,Clank and the Golden Scar,Movie,2024,7
tt12037194,Furiosa: A Mad Max Saga,Movie,2024,5
tt12193500,The Passion of the Gods,Movie,2024,6
tt12529250,Danya,Movie,,
tt13143064,Adrienne,Movie,,
tt13176330,Hitpig,Movie,2024,4
tt13542474,1242: Gateway to the West,Movie,2024,9
tt13590374,Mnemonix,Movie,2024,12
tt13818368,Fighter,Movie,2024,1
tt14114688,L'Inferno (Remastered),Movie,2024,9
tt14564000,Guntur Kaaram,Movie,2024,1
tt15009428,Argylle,Movie,2024,2
tt15127142,Nothing Unusual,Movie,2024,10
tt15239678,Kopa. Antra dalis,Movie,2024,3
tt15535164,Sunset Shimmer and the Acidic Universe of Makori,Movie,2024,12
tt15661136,Superman: Jubilation,Movie,2024,5
tt3663576,Hoodie Girls Gang,Movie,2024,11
tt4519000,Jessica Frost,Movie,2024,9
tt5260932,Residence,Movie,2024,6
tt5834410,The Tiger's Apprentice,Movie,2024,2
tt8790086,Kraven the Hunter,Movie,2024,8
tt16401200,Rigged,Movie,,
tt15716012,Trail Blazers: The Aftermath (Part 1),Movie,2024,
tt16139258,Yodha,Movie,2024,3
tt16867258,Sheran Di Kaum Punjabi,Movie,2024,4
tt17074300,Dying for Living,Movie,2024,12
tt17506650,Dead Heist,Movie,2024,10
tt18072316,Bade Miyan Chote Miyan,Movie,2024,4
tt18340690,Luna in Love,Movie,2024,7
tt19314966,Two Worlds Back,Movie,,
tt19892640,The Last Aztec Warrior,Movie,2024,5
tt20873392,IJ Inspector Jamshed,Movie,2024,12
tt21692408,Kung Fu Panda 4,Movie,2024,3
tt23461428,Lal Salaam,Movie,2024,2
tt22062956,Meinong's Jungle,Movie,2024,6
tt22084516,Karate Kid,Movie,2024,6
tt24948640,Agent Narasimha-117,Movie,2024,1
tt26446278,The Count of Monte-Cristo,Movie,2024,6
tt26685948,The Dark Face,Movie,2024,8
tt26909097,Blindazh,Movie,2024,4
tt27124438,Dark Fusion,Movie,2024,6
tt27162200,The Experts,Movie,2024,5
tt27168272,Blood Pressure,Movie,2024,2
tt27261550,Cheese,Movie,Desconocido,Desconocido
tt27439361,Diamonds and Pearls,Movie,2024,1
tt27451262,Pedro Marquez Y la Ines Una Pareja Implacable Los de la Camioneta Gris,Movie,2024,1
tt27478261,Sneham,Movie,2024,1
tt27530836,Mandya,Movie,2024,5
tt27534073,Terminator: Skynet Rising,Movie,2024,11
tt27601821,Pimpin Aint Dead Movie,Movie,2024,1
tt27607129,Lothorin,Movie,2024,7
tt27617606,Rogue Countdown,Movie,Desconocido,Desconocido
tt27625837,Danger,Movie,2024,
tt27679654,Kamen Rider 555 20th: Paradise Regained,Movie,2024,2
tt27814598,Lothorin,Movie,2024,
tt27819748,Insurgency,Movie,2024,
tt27850011,Maybe I Am the Villain,Movie,2024,
tt27895391,Chiller,Movie,2024,1
tt28074691,Eagle,Movie,2024,2
tt28129054,Take Cover,Movie,2024,7
tt28208813,Final Jeopardy,Movie,,
tt28221135,Bastar: The Naxal Story,Movie,2024,3
tt28247357,Bélico,Movie,2024,1
tt28259467,Sith Wars: Episódio III - Fantasmas Dos Sith,Movie,2024,12
tt28350704,Rode College,Movie,2024,9
tt28448904,Hyena,Movie,2024,1
tt28520532,Mawaali,Movie,2024,5
tt28547912,Sheriff: Narko Integriti,Movie,2024,4
tt28642613,Sith Wars: Episódio III - Fantasmas Dos Sith,Movie,2024,12
tt28651600,Beast from the coffin,Movie,2024,11
tt28677683,Killer - The Hunt,Movie,2024,7
tt28743123,Gull Lake Vice II: The Delusion Continues,Movie,2024,6
tt28799527,Super Vixens 6,Movie,2024,1
tt28900391,Gaddar,Movie,2024,10
tt28940336,Komandir,Movie,2024,2
tt28940477,Zoloto Umalty,Movie,2024,4
tt29099328,The Crimson Knights,Movie,2024,
tt29114624,Chhota Bheem and the Curse of Damyaan,Movie,2024,5
tt29117986,EP Break the Multiverse,Movie,2024,
tt29224742,Razakar: The Silent Genocide of Hyderabad,Movie,2024,3
tt29354785,A Bacon's War,Movie,Desconocido,Desconocido
tt29413058,GAAYAM,Movie,2024,5
tt29426373,SPG,Movie,2024,3
tt29453957,Finding Faith,Movie,2024,8
tt29488411,Urban Vengeance,Movie,2024,4
tt29538571,60 Minuten,Movie,2024,1
tt29632883,Crack: Back in Da Hood,Movie,2024,1
tt29667653,Runnin' from Wolves,Movie,2024,2
tt29710257,Irani,Movie,2024,2
tt29722855,Badland Hunters,Movie,2024,1
tt29729330,Halloween: Mal Eterno,Movie,2024,10
tt29742220,Tokusou Sentai Dekaranger 20th: Fireball Booster,Movie,2024,6
tt29873265,Smoke,Movie,2024,2
tt29923411,Kamen Rider Geats: Jyamato Awaking,Movie,2024,3
tt29940825,She's God: The Book of Eden,Movie,2024,6
tt29952065,Blue Alliance,Movie,2024,3
tt29961199,The End of Roblox City,Movie,2024,11
tt30048388,Mangampeta,Movie,2024,4
tt30107378,Ultraman Blazar the Movie: Tokyo Kaiju Showdown,Movie,2024,2
tt30131675,The 9th Raider,Movie,2024,3
tt30248546,Tranquility: Ghost Stories,Movie,2024,1
tt30253785,Pendekar Awang: Darah Indera Gajah,Movie,2024,1
tt30260415,StarGazer: The Need of the Many,Movie,2024,1
tt30270137,Batman: Across the Super-Verse,Movie,2024,9
tt30275493,Sounds Like A Great Project!,Movie,2024,5
tt30364726,Citizen of a Kind,Movie,2024,1
tt30395619,"Kimetsu no Yaiba Kizuna no Kiseki, Soshite Hashira Geiko e",Movie,2024,2
tt30396321,The Crypto: Dark Justice,Movie,2024,11
tt30399520,Lothorin: Part Two,Movie,2024,12
tt30415138,Toofan,Movie,2024,6
tt30425001,Posledniy ronin,Movie,2024,12
tt30446975,Cacophony the Animated Movie,Movie,2024,12
tt30470734,Rebellion: War Across Nations,Movie,2024,5
tt30485382,Operation Baraat,Movie,2024,4
tt30476573,The Magnetic Fighters,Movie,2024,11
tt30609082,The Crypto: Beyond,Movie,2024,10
tt30661504,Troubleshooters,Movie,2024,10
tt30698096,Huan qian,Movie,2024,2
tt30768673,Jorge da Capadócia,Movie,2024,4
tt30777379,Pariah Volume 1: Every Street Dog Has a Name,Movie,2024,2
tt30808927,Boyz,Movie,2024,1
tt30810211,Bush Knife,Movie,2024,3
tt30811417,V pogone za kamnem,Movie,2024,1
tt30828548,Villain,Movie,2024,1
tt30842302,S.N.S.O.B - Supernatural Squad of Badasses Part 2,Movie,2024,5
tt30842823,Xiao zi,Movie,2024,2
tt30850554,Jaque Mate,Movie,2024,1
tt30850912,The Expendables,Movie,2024,1
tt30869046,Envidia la Película,Movie,2024,1
tt30887725,Jiwa 8 Belas,Movie,2024,1
tt30895352,Fast Furious,Movie,2024,1
tt30957694,Chinatown Chacha,Movie,2024,1
tt30958950,Lam see gip on,Movie,2024,1
tt30961629,The Die Hard,Movie,2024,1
tt30970075,Deserved It,Movie,2024,2
tt30970235,Article 370,Movie,2024,2
tt30970690,Torch Jamaica Drug Lord,Movie,2024,1
tt30972810,Mu zhong wu ren 2,Movie,2024,2
tt30979442,Hell City,Movie,Desconocido,Desconocido
tt30981375,The Dark Night,Movie,2024,1
tt30984911,Sehnsucht nach Firdaws,Movie,2024,1
tt30985567,Get Close 2,Movie,2024,6
tt30990790,Ohsama Sentai King-Ohger vs. Kyoryuger,Movie,2024,4
tt30990872,Ohsama Sentai King-Ohger vs. Donbrothers,Movie,2024,4
tt30997271,Avengers,Movie,2024,1
tt30996130,Back for Life,Movie,2024,9
tt31022272,Bonnie,Movie,2024,2
tt31023788,Behind Enemy Lines,Movie,2024,1
tt31029252,The Vent,Movie,2024,2
tt31038701,Super Vixens 7,Movie,2024,6
tt31048146,The Alexandrian,Movie,2024,1
tt31068530,Sarkari Rozgaar,Movie,2024,11
tt31079401,Mandya Haida,Movie,2024,2
tt31093131,Fast Atlanta,Movie,2024,4
tt31100533,The Kills,Movie,2024,3
tt31115532,Malditos fantasmas,Movie,2024,10
tt31122323,Megamind vs. The Doom Syndicate,Movie,2024,3
tt31149938,E-mail,Movie,2024,2
tt31152127,Xi zhuang bao tu,Movie,2024,1
tt31152166,Kizumonogatari: Koyomi Vamp,Movie,2024,1
tt31152181,Rooban,Movie,2024,4
tt31159130,Crypto Storm,Movie,2024,1
tt31169791,Wayward,Movie,2024,12
tt31171309,The Queens Ball,Movie,2024,5
tt31194647,Tal Matal,Movie,2024,2
tt31215789,Pikmin Forever,Movie,2024,1
tt31216055,Ajay Gadu,Movie,2024,1
tt31241468,The One and Only: Spider-Man,Movie,2024,5
tt31250810,ChickenMan,Movie,2024,1
tt31258919,Zakhvat,Movie,2024,2
tt31261135,Happy Dragons,Movie,2024,2
tt31306866,I Heart Robots,Movie,Desconocido,Desconocido
tt31311119,Jurassic Exorcist,Movie,2024,
tt31313928,RedSin: Martyrs of Dissent,Movie,2024,2
tt31315486,Janna Endoro,Movie,2024,2
tt31321746,Enimey Nangadha Head Lines,Movie,2024,4
tt31383416,Oversteer,Movie,2024,1
tt31389264,In the Woods,Movie,2024,
tt31389684,Bharkhama,Movie,2024,
tt31383093,Taxi Bosses,Movie,2024,1
tt31408607,Jimmy's Friends,Movie,2024,3
tt31435118,2032: Pako Varissuolta,Movie,2024,2
tt31450653,Miles Morales: A New Hero,Movie,2024,
tt31451138,Beyond: Part One,Movie,2024,10
tt31457736,Kingudamu Daishôgun no Kikan,Movie,2024,7
tt31456573,Too Little Too Late,Movie,2024,2
tt31462825,Raja 420,Movie,2024,4
tt31492821,Zen Fist,Movie,2024,2
tt31494700,Mo lu kuang dao,Movie,2024,3
tt31495280,Marni: The Story of Wewe Gombel,Movie,2024,6
tt31511073,The Brofessors Return,Movie,2024,3
tt31513054,Half Moon Bay,Movie,2024,
tt31521633,Sicarius,Movie,2024,3
tt31523052,The Grey Man,Movie,2024,2
tt31530596,Snow White and the Seven Samurai,Movie,2024,3
tt31545409,Another Space: Part One,Movie,2024,10
tt31546944,A Lonely Place to Die,Movie,2024,3
tt31583554,Pakal Iravu,Movie,2024,
tt31597833,Holy Punch,Movie,2024,3
tt31608769,Dora du Gaza,Movie,2024,4
tt31614338,Vakoojakoulun Varamiehet,Movie,2024,3
tt31615423,Dink Legacy,Movie,2024,3
tt31624202,Tiger's Trigger,Movie,2024,3
tt31629710,The Circuit 4: Faith Fighter,Movie,2024,5
tt31630821,Died Doin Dirty Work,Movie,2024,4
tt31624258,Hijacking,Movie,2024,
tt31638408,Isabella: Diary of A Foster Girl,Movie,Desconocido,Desconocido
tt31644773,"Bernadotte, Louise & Napoleon",Movie,2024,4
tt31645102,Anaconda Kuang Mang Zhi Zai,Movie,2024,3
tt31645600,Remand,Movie,2024,9
tt31690646,Robbin' Hoods,Movie,2024,3
tt31692378,The Birth,Movie,2024,6
tt31704401,Hunt the Wicked,Movie,2024,2
tt30150907,Justice League: Crisis on Infinite Earths - Part Two,Movie,2024,4
tt31066103,PW V: Tears of the Fallen,Movie,2024,1
tt31365188,Bernard Man: Rise of the Crab People,Movie,2024,
tt31557623,Akabane Honeko no Bodyguard,Movie,2024,8
tt31563873,Las Viudas del Capo 2,Movie,2024,3
tt31718662,Karate Cops,Movie,2024,2
tt31721742,Maverick from the edge,Movie,2024,2
tt31725814,Surrender,Movie,2024,4
tt31790164,The Club III,Movie,2024,8
tt31789137,Hattichhap,Movie,2024,2
tt31804488,Yamadheera,Movie,2024,3
tt31806053,Wandafuru Purikyua! Za mubi!,Movie,2024,9
tt31806068,Dragon,Movie,2024,3
tt31850446,Rebel,Movie,2024,5
tt31851880,Detective Dee and the Phantom of Waning Moon,Movie,2024,2
tt31869664,Baki Hanma VS Kengan Ashura,Movie,2024,6
tt31888121,Kek 2,Movie,2024,5
tt31898764,Gauri Shankar ki Prem Kahani,Movie,2024,
tt31946567,Red vs. Blue: Restoration,Movie,2024,5
tt31948043,Pottel,Movie,Desconocido,Desconocido
tt31948772,"La Protegida, La Película",Movie,2024,3
tt31951179,Jongli,Movie,2024,6
tt31962200,Simhadwani,Movie,2024,4
tt31973838,Tian Keng Ying Lie,Movie,2024,4
tt31986077,Mercy Killing,Movie,2024,4
tt32009405,The SML YTP Movie 2: Dimension Trouble,Movie,2024,3
tt32020028,APPU,Movie,2024,4
tt32027823,Correr para Vivir,Movie,2024,4
tt32044730,The Codes of War,Movie,Desconocido,Desconocido
tt32058493,Bride with the white hair,Movie,Desconocido,Desconocido
tt32044814,Tales Beyond the Galaxy,Movie,Desconocido,Desconocido
tt32063728,Sayen: La Cazadora,Movie,2024,4
tt32081990,Roudhra Rupaya,Movie,2024,4
tt32094375,Die Hart: Die Harter,Movie,2024,
tt31722836,Soy creativa,Movie,2024,3
tt31778961,Firework,Movie,2024,7
tt32031888,Hard Ride,Movie,2024,4
tt32110003,Neighborhood War: The Movie,Movie,2024,7
tt32110151,Governor's Plea,Movie,2024,2
tt32119112,COMBAT Code: Hunt,Movie,2024,4
tt32126636,The Lord of the Monsters,Movie,2024,3
tt32130925,Nenu Keerthana,Movie,2024,
tt32132740,The Mortician,Movie,2024,4
tt32132901,The Manizer,Movie,Desconocido,Desconocido
tt32150467,They're Here,Movie,2024,6
tt32150914,Full Throttle 2,Movie,2024,4
tt32151168,Charming Men: Part 2 - Camilla,Movie,2024,6
tt32160590,The Incredible 7,Movie,2024,5
tt32161844,Guide,Movie,2024,2
tt32161887,Vampires Saga,Movie,2024,
tt0439572,The Flash,Movie,2023,6
tt10151854,Shazam! Fury of the Gods,Movie,2023,3
tt10366206,John Wick: Chapitre 4,Movie,2023,3
tt10364034,Miraculous: Filmen om Ladybug & Cat Noir,Movie,2023,7
tt10471692,Scavenger,Movie,2023,
tt10545296,The Hunger Games: The Ballad of Songbirds & Snakes,Movie,2023,11
tt10676048,The Marvels,Movie,2023,11
tt10954600,Ant-Man and the Wasp: Quantumania,Movie,2023,2
tt10955900,Untitled The Mafia: Payback Sequel,Movie,,
tt11230362,Dark City: Interval_575,Movie,2023,9
tt11274492,The Out-Laws,Movie,2023,7
tt11601444,Extraordinary Sacrifice,Movie,,
tt11705740,Gold Rush,Movie,,
tt11872772,Untitled Project Valentina Sequel,Movie,,
tt11972054,Bugsy the Becoming,Movie,2023,8
tt11998558,Varisu,Movie,2023,1
tt12261776,65,Movie,2023,3
tt12263384,Extraction II,Movie,2023,6
tt12283024,Eímai o Theós,Movie,2023,3
tt12422694,Getting to the Plug,Movie,2023,2
tt12672620,Les Trois Mousquetaires - Milady,Movie,2023,12
tt12672536,The Three Musketeers - Part I: D'Artagnan,Movie,2023,4
tt12902374,The Caller,Movie,,
tt12915716,Adipurush,Movie,2023,6
tt7985704,Operation Fortune,Movie,2023,1
tt13130948,Shehzada,Movie,2023,4
tt13131232,Mission Majnu,Movie,2023,1
tt13131610,Bholaa Shankar,Movie,2023,8
tt13186618,Ground Zero,Movie,2023,6
tt13614388,Little Dixie,Movie,2023,2
tt13640794,Choppa City Queens,Movie,2023,5
tt13681698,Arbitrium: The Final Days,Movie,,
tt13751694,Animal,Movie,2023,12
tt5433140,Fast & Furious X,Movie,2023,5
tt13808564,The Assassin Unleashed,Movie,2023,12
tt13904644,Spider-Man: Lotus,Movie,2023,8
tt14232442,Bratri,Movie,2023,10
tt14379088,Shin Kamen Rider,Movie,2023,3
tt14384196,Aagun Pakhi: The Midnight Club Chronicles,Movie,2023,11
tt14388612,Gunfight at Rio Bravo,Movie,2023,1
tt1462764,Indiana Jones and the Dial of Destiny,Movie,2023,6
tt14681272,SoulHood Saga II: The Finale,Movie,2023,5
tt14709996,Burning Love,Movie,2023,11
tt14743384,Untitled Marvel Disney (June 2023),Movie,2023,6
tt15056712,John Burrows,Movie,2023,3
tt15145972,Fast & Furious: A Fan-Film,Movie,2023,8
tt15179658,Jade Brooks Must Die!,Movie,2023,6
tt15299406,Hadik,Movie,2023,3
tt15303192,Rudhran,Movie,2023,4
tt15430628,Ride On,Movie,2023,4
tt15477560,Spider-Man: Bad Reputation,Movie,2023,11
tt15614148,The Obstacle,Movie,2023,4
tt15673502,Return of the Dark,Movie,2023,7
tt2906216,Dungeons & Dragons: Ehre unter Dieben,Movie,2023,3
tt3326138,The Last Deal,Movie,2023,2
tt3566610,129,Movie,2023,3
tt4303846,Out for Vengeance,Movie,2023,9
tt5090568,Transformers: Rise of the Beasts,Movie,2023,6
tt5776252,Taeter Burger,Movie,2023,10
tt6495056,Migration,Movie,2023,12
tt16793230,Mercy & Compassion,Movie,2023,3
tt9663764,Aquaman a ztracené království,Movie,2023,12
tt7984562,Statica,Movie,2023,3
tt6968614,The Mother,Movie,2023,5
tt16429084,Heavy Duty Man,Movie,2023,12
tt15716002,Trail Blazers: The Conquest,Movie,2023,
tt7720142,Assassin Club,Movie,2023,7
tt15811964,End of Loyalty,Movie,2023,3
tt8593824,The Old Way,Movie,2023,6
tt9362930,Blue Beetle,Movie,2023,8
tt15895490,Black Lotus,Movie,2023,4
tt16308356,The Color of Greene,Movie,2023,1
tt7995640,Drain Away: Is Pure Longing a Sin?,Movie,2023,3
tt9788538,The Breeding Frenzy,Movie,,
tt16418362,Gridman Universe,Movie,2023,3
tt15837338,PAW Patrol: The Mighty Movie,Movie,2023,10
tt15769364,The One,Movie,2023,
tt6791350,Guardians of the Galaxy Vol. 3,Movie,2023,5
tt8035464,Target Number One,Movie,2023,12
tt16310240,Nelayan,Movie,2023,11
tt15731658,Bull,Movie,2023,
tt9390520,Révolutionnaire,Movie,2023,4
tt7184154,Talk to the Gun: Momentum,Movie,2023,8
tt15769220,Father & Soldier,Movie,,
tt8589698,Teenage Mutant Ninja Turtles: Mutant Mayhem,Movie,2023,8
tt16349772,38 Minutes,Movie,2023,1
tt9362722,Spider-Man: Across the Spider-Verse,Movie,2023,6
tt16058988,Raakshasa Kaavyam,Movie,2023,10
tt9603212,Mission: Impossible - Dead Reckoning Part One,Movie,2023,7
tt6879446,Hidden Strike,Movie,2023,7
tt16361586,Topannah,Movie,2023,3
tt16428782,Free State,Movie,2023,9
tt9910302,King Street,Movie,2023,1
tt16960394,Demons of Hell,Movie,2023,9
tt17322408,Phoney,Movie,2023,4
tt17338918,Spider-man: With Great Power,Movie,2023,
tt17497862,Love of Money,Movie,2023,2
tt17499172,The Gift,Movie,2023,3
tt17499656,The Phoney,Movie,2023,4
tt17509628,The House of God,Movie,2023,
tt18296850,Spider-Man: Rise of a Hero,Movie,2023,3
tt18302086,Back to the Present!,Movie,2023,6
tt18310956,Electro,Movie,2023,4
tt18395292,El Sicario 2,Movie,2023,1
tt18411792,Intensive Purposes,Movie,2023,7
tt18411490,Tiger 3,Movie,2023,11
tt18667352,Mobile suit gundam wing the movie,Movie,2023,11
tt18777074,Turgut Reis - Dragut,Movie,2023,9
tt18925102,Crimson Saints,Movie,,
tt18926960,John henry man of steel the movie,Movie,2023,11
tt18925050,The Oath,Movie,2023,12
tt18912278,The Origins,Movie,2023,12
tt18953060,Martian manhunter the movie,Movie,2023,11
tt18969190,Superboy prime the movie,Movie,2023,11
tt18969216,Spiderman unlimited the movie,Movie,2023,11
tt18990260,Android kikaider the movie,Movie,2023,11
tt18990216,Yugioh the movie,Movie,2023,11
tt19113854,Convict,Movie,,
tt19077558,Mastná Pliaga,Movie,2023,8
tt19358602,The Big O movie,Movie,2023,11
tt19358722,Samurai jack the movie,Movie,2023,11
tt19358704,Grand Theft auto the movie,Movie,2023,11
tt19358674,Ninja Gaiden the movie,Movie,2023,11
tt19358822,Static Shock the movie,Movie,2023,11
tt19358808,Mortal Kombat: Shaolin Monks the movie,Movie,2023,11
tt19365520,Superman one million the movie (D.C one million),Movie,2023,11
tt19365502,Nightwing the movie,Movie,2023,11
tt19365572,Hard to kill 2,Movie,2023,11
tt19365508,Quicksilver the movie,Movie,2023,12
tt19372642,Man on fire 2,Movie,2023,12
tt19372590,The warriors 2,Movie,2023,12
tt19372640,Spawn vs Blade the movie,Movie,2023,12
tt19372704,Superman doomsday the movie,Movie,2023,12
tt19372676,Superman vs Brainiac the movie,Movie,2023,12
tt19372716,Street fighter the movie,Movie,2023,12
tt19383410,Mortal Kombat vs D.C Universe the movie,Movie,2023,12
tt19389862,Street fighter the movie,Movie,2023,12
tt19394258,Tariq,Movie,2023,8
tt19500164,Nimona,Movie,2023,6
tt19753612,The Quirk,Movie,,
tt19755170,Bawaal,Movie,2023,7
tt19812128,The Insanity: Retribution,Movie,2023,10
tt19883074,Madre Tierra,Movie,2023,
tt19884572,When Girls Ride,Movie,2023,8
tt19372648,Green arrow the movie,Movie,2023,12
tt20237154,This War of Mine,Movie,2023,5
tt20319598,Lakadbaggha,Movie,2023,1
tt20355484,Ett sista race,Movie,2023,12
tt20425440,BGil Studios' the Dragonfly: Born Again,Movie,2023,9
tt20518312,Static Codes,Movie,2023,8
tt20722940,Stereo Crashers,Movie,2023,6
tt20754096,The Deceiver,Movie,2023,6
tt21041232,Scrappy Bot,Movie,2023,6
tt21141958,Daadal,Movie,2023,4
tt21294600,Gold-Verse Studios' 'The Grid',Movie,2023,12
tt21435580,Hermosa Justicia,Movie,2023,4
tt21741198,49,Movie,2023,1
tt21941216,Nefes: Yer Eksi Iki,Movie,2023,12
tt21938428,What We Become,Movie,2023,4
tt22016156,Avgrunden,Movie,2023,9
tt22185436,A Season in Hell!,Movie,2023,7
tt22444570,Ponniyin Selvan: Part Two,Movie,2023,4
tt22488024,Sakra,Movie,2023,1
tt22535196,Aliens the Awakening,Movie,2023,8
tt22813112,Noryang,Movie,2023,12
tt22868844,Burakku Kurôbâ: Mahôtei no Ken,Movie,2023,6
tt22869636,Düses 1 - Mafya Sizintisi,Movie,2023,1
tt22907680,Surya,Movie,2023,1
tt23024254,Omme Nodide,Movie,2023,6
tt23037838,I Soli Oscuri,Movie,2023,5
tt23219684,Mighty Morphin Power Rangers: Once & Always,Movie,2023,4
tt23289160,Godzilla Minus One,Movie,2023,12
tt23490586,Amigos,Movie,2023,2
tt23546666,Otoban Katilleri,Movie,2023,8
tt23638846,Princess Principal: Crown Handler: Chapter 3,Movie,2023,4
tt23650066,Da hai guai,Movie,2023,1
tt23745844,Das Ka Dhamki,Movie,2023,3
tt23751706,Resgate na selva 2023,Movie,2023,7
tt23812736,Ninpu Sentai Hurricaneger Degozaru! Shushuuto 20th Anniversary,Movie,2023,6
tt23870054,Marca de Sangue(2022/1),Movie,2023,7
tt23950632,Ultraman Decker Finale: Journey to Beyond,Movie,2023,2
tt24021742,Senapura,Movie,2023,3
tt24133274,Do or Die,Movie,2023,2
tt24133834,Rapid Action,Movie,2023,1
tt21987648,Inherited,Movie,2023,10
tt22097422,Ant-Man the Beginning,Movie,2023,5
tt24243464,Robot Chicken,Movie,2023,11
tt24250570,Wes Diego,Movie,2023,3
tt24330196,Selfiee,Movie,2023,2
tt24485282,Intikam Oyunlari,Movie,2023,4
tt24517876,Junior,Movie,2023,8
tt24581070,Coast Guard Malaysia: Ops Helang,Movie,2023,2
tt24657462,SSSS.Gridman,Movie,2023,1
tt24787322,Gurudev Hoysala,Movie,2023,3
tt25010142,Nanatsu no Taizai : Ensa no Edinburgh 2,Movie,2023,8
tt25049302,The Come Up,Movie,2023,1
tt25272982,Once Upon A Time in Philly Part 2,Movie,2023,2
tt25376340,Char Cup Chai,Movie,2023,6
tt25399466,SSSS.Dynazenon,Movie,2023,3
tt25402442,L'axe lourd,Movie,2023,1
tt25402886,Xzee vs OTTWitt,Movie,2023,5
tt25403912,Duan Nago Bogho,Movie,2023,1
tt25406052,Kingdom: Unmei no Hono,Movie,2023,7
tt25431772,Fangbone!,Movie,2023,7
tt25433990,Ciu sanging haaigip'on,Movie,2023,1
tt25434168,Aadikeshava,Movie,2023,11
tt25503544,Phantom,Movie,2023,1
tt25504588,Ramachari 2.0,Movie,2023,4
tt25504688,Ramachari 2.0,Movie,2023,4
tt25515728,Chaser,Movie,Desconocido,Desconocido
tt25534788,Cop vs. Killer,Movie,2023,7
tt25603198,Silence of the 177,Movie,2023,1
tt25621878,Nabin: The Rise,Movie,2023,1
tt25789044,Malek Al Halaba,Movie,2023,6
tt25808194,Talchul: Project Silence,Movie,2023,
tt25785622,Streets,Movie,2023,1
tt25838586,El Otro Clásico,Movie,2023,1
tt25829648,Chasing Days,Movie,2023,1
tt25957158,The CEO Arya,Movie,2023,1
tt25965878,RiffTrax: In the Line of Duty 2: The Super Cops,Movie,2023,1
tt25966332,Error 500,Movie,2023,1
tt25994796,Detective Conan: Episode of Ai Haibara - Black Iron Mystery Train,Movie,2023,1
tt25965790,Gangster Alla Prankster,Movie,Desconocido,Desconocido
tt26008716,Puli the 19th Century,Movie,2023,3
tt26095500,Suryapet Junction,Movie,Desconocido,Desconocido
tt26198528,Die Hart: The Movie,Movie,2023,2
tt26224944,Psycho-Pass: Providence,Movie,2023,5
tt26230118,Black War: Mission Extreme 2,Movie,2023,1
tt26230448,Clay Dragons 01: And the Earth Walked Through Fire,Movie,2023,1
tt26235046,Inspector Dhakad Singh,Movie,2023,1
tt26244480,Rudra the Power,Movie,2023,1
tt26253268,Yuki MR,Movie,2023,3
tt26334415,Flamingo Heist,Movie,2023,12
tt26446278,The Count of Monte-Cristo,Movie,2024,6
tt26685948,The Dark Face,Movie,2024,8
tt26909097,Blindazh,Movie,2024,4
tt27124438,Dark Fusion,Movie,2024,6
tt27162200,The Experts,Movie,2024,5
tt27168272,Blood Pressure,Movie,2024,2
tt27261550,Cheese,Movie,Desconocido,Desconocido
tt27439361,Diamonds and Pearls,Movie,2024,1
tt27451262,Pedro Marquez Y la Ines Una Pareja Implacable Los de la Camioneta Gris,Movie,2024,1
tt27478261,Sneham,Movie,2024,1
tt27530836,Mandya,Movie,2024,5
tt27534073,Terminator: Skynet Rising,Movie,2024,11
tt27601821,Pimpin Aint Dead Movie,Movie,2024,1
tt27607129,Lothorin,Movie,2024,7
tt27617606,Rogue Countdown,Movie,Desconocido,Desconocido
tt27625837,Danger,Movie,2024,
tt27679654,Kamen Rider 555 20th: Paradise Regained,Movie,2024,2
tt27814598,Lothorin,Movie,2024,
tt27819748,Insurgency,Movie,2024,
tt27850011,Maybe I Am the Villain,Movie,2024,
tt27895391,Chiller,Movie,2024,1
tt28074691,Eagle,Movie,2024,2
tt28129054,Take Cover,Movie,2024,7
tt28208813,Final Jeopardy,Movie,,
tt28221135,Bastar: The Naxal Story,Movie,2024,3
tt28247357,Bélico,Movie,2024,1
tt28259467,Sith Wars: Episódio III - Fantasmas Dos Sith,Movie,2024,12
tt28350704,Rode College,Movie,2024,9
tt28448904,Hyena,Movie,2024,1
tt28520532,Mawaali,Movie,2024,5
tt28547912,Sheriff: Narko Integriti,Movie,2024,4
tt28642613,Sith Wars: Episódio III - Fantasmas Dos Sith,Movie,2024,12
tt28651600,Beast from the coffin,Movie,2024,11
tt28677683,Killer - The Hunt,Movie,2024,7
tt28743123,Gull Lake Vice II: The Delusion Continues,Movie,2024,6
tt28799527,Super Vixens 6,Movie,2024,1
tt28900391,Gaddar,Movie,2024,10
tt28940336,Komandir,Movie,2024,2
tt28940477,Zoloto Umalty,Movie,2024,4
tt29099328,The Crimson Knights,Movie,2024,
tt29114624,Chhota Bheem and the Curse of Damyaan,Movie,2024,5
tt29117986,EP Break the Multiverse,Movie,2024,
tt29224742,Razakar: The Silent Genocide of Hyderabad,Movie,2024,3
tt29354785,A Bacon's War,Movie,Desconocido,Desconocido
tt29413058,GAAYAM,Movie,2024,5
tt29426373,SPG,Movie,2024,3
tt29453957,Finding Faith,Movie,2024,8
tt29488411,Urban Vengeance,Movie,2024,4
tt29538571,60 Minuten,Movie,2024,1
tt29632883,Crack: Back in Da Hood,Movie,2024,1
tt29667653,Runnin' from Wolves,Movie,2024,2
tt29710257,Irani,Movie,2024,2
tt29722855,Badland Hunters,Movie,2024,1
tt29729330,Halloween: Mal Eterno,Movie,2024,10
tt29742220,Tokusou Sentai Dekaranger 20th: Fireball Booster,Movie,2024,6
tt29873265,Smoke,Movie,2024,2
tt29923411,Kamen Rider Geats: Jyamato Awaking,Movie,2024,3
tt29940825,She's God: The Book of Eden,Movie,2024,6
tt29952065,Blue Alliance,Movie,2024,3
tt29961199,The End of Roblox City,Movie,2024,11
tt30048388,Mangampeta,Movie,2024,4
tt30107378,Ultraman Blazar the Movie: Tokyo Kaiju Showdown,Movie,2024,2
tt30131675,The 9th Raider,Movie,2024,3
tt30248546,Tranquility: Ghost Stories,Movie,2024,1
tt30253785,Pendekar Awang: Darah Indera Gajah,Movie,2024,1
tt30260415,StarGazer: The Need of the Many,Movie,2024,1
tt30270137,Batman: Across the Super-Verse,Movie,2024,9
tt30275493,Sounds Like A Great Project!,Movie,2024,5
tt30364726,Citizen of a Kind,Movie,2024,1
tt30395619,"Kimetsu no Yaiba Kizuna no Kiseki, Soshite Hashira Geiko e",Movie,2024,2
tt30396321,The Crypto: Dark Justice,Movie,2024,11
tt30399520,Lothorin: Part Two,Movie,2024,12
tt30415138,Toofan,Movie,2024,6
tt30425001,Posledniy ronin,Movie,2024,12
tt30446975,Cacophony the Animated Movie,Movie,2024,12
tt30470734,Rebellion: War Across Nations,Movie,2024,5
tt30485382,Operation Baraat,Movie,2024,4
tt30476573,The Magnetic Fighters,Movie,2024,11
tt30609082,The Crypto: Beyond,Movie,2024,10
tt30661504,Troubleshooters,Movie,2024,10
tt30698096,Huan qian,Movie,2024,2
tt30768673,Jorge da Capadócia,Movie,2024,4
tt30777379,Pariah Volume 1: Every Street Dog Has a Name,Movie,2024,2
tt30808927,Boyz,Movie,2024,1
tt30810211,Bush Knife,Movie,2024,3
tt30811417,V pogone za kamnem,Movie,2024,1
tt30828548,Villain,Movie,2024,1
tt30842302,S.N.S.O.B - Supernatural Squad of Badasses Part 2,Movie,2024,5
tt30842823,Xiao zi,Movie,2024,2
tt30850554,Jaque Mate,Movie,2024,1
tt30850912,The Expendables,Movie,2024,1
tt30869046,Envidia la Película,Movie,2024,1
tt30887725,Jiwa 8 Belas,Movie,2024,1
tt30895352,Fast Furious,Movie,2024,1
tt30957694,Chinatown Chacha,Movie,2024,1
tt30958950,Lam see gip on,Movie,2024,1
tt30961629,The Die Hard,Movie,2024,1
tt30970075,Deserved It,Movie,2024,2
tt30970235,Article 370,Movie,2024,2
tt30970690,Torch Jamaica Drug Lord,Movie,2024,1
tt30972810,Mu zhong wu ren 2,Movie,2024,2
tt30979442,Hell City,Movie,Desconocido,Desconocido
tt30981375,The Dark Night,Movie,2024,1
tt30984911,Sehnsucht nach Firdaws,Movie,2024,1
tt30985567,Get Close 2,Movie,2024,6
tt30990790,Ohsama Sentai King-Ohger vs. Kyoryuger,Movie,2024,4
tt30990872,Ohsama Sentai King-Ohger vs. Donbrothers,Movie,2024,4
tt30997271,Avengers,Movie,2024,1
tt30996130,Back for Life,Movie,2024,9
tt31022272,Bonnie,Movie,2024,2
tt31023788,Behind Enemy Lines,Movie,2024,1
tt31029252,The Vent,Movie,2024,2
tt31038701,Super Vixens 7,Movie,2024,6
tt31048146,The Alexandrian,Movie,2024,1
tt31068530,Sarkari Rozgaar,Movie,2024,11
tt31079401,Mandya Haida,Movie,2024,2
tt31093131,Fast Atlanta,Movie,2024,4
tt31100533,The Kills,Movie,2024,3
tt31115532,Malditos fantasmas,Movie,2024,10
tt31122323,Megamind vs. The Doom Syndicate,Movie,2024,3
tt31149938,E-mail,Movie,2024,2
tt31152127,Xi zhuang bao tu,Movie,2024,1
tt31152166,Kizumonogatari: Koyomi Vamp,Movie,2024,1
tt31152181,Rooban,Movie,2024,4
tt31159130,Crypto Storm,Movie,2024,1
tt31169791,Wayward,Movie,2024,12
tt31171309,The Queens Ball,Movie,2024,5
tt31194647,Tal Matal,Movie,2024,2
tt31215789,Pikmin Forever,Movie,2024,1
tt31216055,Ajay Gadu,Movie,2024,1
tt31241468,The One and Only: Spider-Man,Movie,2024,5
tt31250810,ChickenMan,Movie,2024,1
tt31258919,Zakhvat,Movie,2024,2
tt31261135,Happy Dragons,Movie,2024,2
tt31306866,I Heart Robots,Movie,Desconocido,Desconocido
tt31311119,Jurassic Exorcist,Movie,2024,
tt31313928,RedSin: Martyrs of Dissent,Movie,2024,2
tt31315486,Janna Endoro,Movie,2024,2
tt31321746,Enimey Nangadha Head Lines,Movie,2024,4
tt31383416,Oversteer,Movie,2024,1
tt31389264,In the Woods,Movie,2024,
tt31389684,Bharkhama,Movie,2024,
tt31383093,Taxi Bosses,Movie,2024,1
tt31408607,Jimmy's Friends,Movie,2024,3
tt31435118,2032: Pako Varissuolta,Movie,2024,2
tt31450653,Miles Morales: A New Hero,Movie,2024,
tt31451138,Beyond: Part One,Movie,2024,10
tt31457736,Kingudamu Daishôgun no Kikan,Movie,2024,7
tt31456573,Too Little Too Late,Movie,2024,2
tt31462825,Raja 420,Movie,2024,4
tt31492821,Zen Fist,Movie,2024,2
tt31494700,Mo lu kuang dao,Movie,2024,3
tt31495280,Marni: The Story of Wewe Gombel,Movie,2024,6
tt31511073,The Brofessors Return,Movie,2024,3
tt31513054,Half Moon Bay,Movie,2024,
tt31521633,Sicarius,Movie,2024,3
tt31523052,The Grey Man,Movie,2024,2
tt31530596,Snow White and the Seven Samurai,Movie,2024,3
tt31545409,Another Space: Part One,Movie,2024,10
tt31546944,A Lonely Place to Die,Movie,2024,3
tt31583554,Pakal Iravu,Movie,2024,
tt31597833,Holy Punch,Movie,2024,3
tt31608769,Dora du Gaza,Movie,2024,4
tt31614338,Vakoojakoulun Varamiehet,Movie,2024,3
tt31615423,Dink Legacy,Movie,2024,3
tt31624202,Tiger's Trigger,Movie,2024,3
tt31629710,The Circuit 4: Faith Fighter,Movie,2024,5
tt31630821,Died Doin Dirty Work,Movie,2024,4
tt31624258,Hijacking,Movie,2024,
tt31638408,Isabella: Diary of A Foster Girl,Movie,Desconocido,Desconocido
tt31644773,"Bernadotte, Louise & Napoleon",Movie,2024,4
tt31645102,Anaconda Kuang Mang Zhi Zai,Movie,2024,3
tt31645600,Remand,Movie,2024,9
tt31690646,Robbin' Hoods,Movie,2024,3
tt31692378,The Birth,Movie,2024,6
tt31704401,Hunt the Wicked,Movie,2024,2
tt30150907,Justice League: Crisis on Infinite Earths - Part Two,Movie,2024,4
tt31066103,PW V: Tears of the Fallen,Movie,2024,1
tt31365188,Bernard Man: Rise of the Crab People,Movie,2024,
tt31557623,Akabane Honeko no Bodyguard,Movie,2024,8
tt31563873,Las Viudas del Capo 2,Movie,2024,3
tt31718662,Karate Cops,Movie,2024,2
tt31721742,Maverick from the edge,Movie,2024,2
tt31725814,Surrender,Movie,2024,4
tt31790164,The Club III,Movie,2024,8
tt31789137,Hattichhap,Movie,2024,2
tt31804488,Yamadheera,Movie,2024,3
tt31806053,Wandafuru Purikyua! Za mubi!,Movie,2024,9
tt31806068,Dragon,Movie,2024,3
tt31850446,Rebel,Movie,2024,5
tt31851880,Detective Dee and the Phantom of Waning Moon,Movie,2024,2
tt31869664,Baki Hanma VS Kengan Ashura,Movie,2024,6
tt31888121,Kek 2,Movie,2024,5
tt31898764,Gauri Shankar ki Prem Kahani,Movie,2024,
tt31946567,Red vs. Blue: Restoration,Movie,2024,5
tt31948043,Pottel,Movie,Desconocido,Desconocido
tt31948772,"La Protegida, La Película",Movie,2024,3
tt31951179,Jongli,Movie,2024,6
tt31962200,Simhadwani,Movie,2024,4
tt31973838,Tian Keng Ying Lie,Movie,2024,4
tt31986077,Mercy Killing,Movie,2024,4
tt32009405,The SML YTP Movie 2: Dimension Trouble,Movie,2024,3
tt32020028,APPU,Movie,2024,4
tt32027823,Correr para Vivir,Movie,2024,4
tt32044730,The Codes of War,Movie,Desconocido,Desconocido
tt32058493,Bride with the white hair,Movie,Desconocido,Desconocido
tt32044814,Tales Beyond the Galaxy,Movie,Desconocido,Desconocido
tt32063728,Sayen: La Cazadora,Movie,2024,4
tt32081990,Roudhra Rupaya,Movie,2024,4
tt32094375,Die Hart: Die Harter,Movie,2024,
tt31722836,Soy creativa,Movie,2024,3
tt31778961,Firework,Movie,2024,7
tt32031888,Hard Ride,Movie,2024,4
tt32110003,Neighborhood War: The Movie,Movie,2024,7
tt32110151,Governor's Plea,Movie,2024,2
tt32119112,COMBAT Code: Hunt,Movie,2024,4
tt32126636,The Lord of the Monsters,Movie,2024,3
tt32130925,Nenu Keerthana,Movie,2024,
tt32132740,The Mortician,Movie,2024,4
tt32132901,The Manizer,Movie,Desconocido,Desconocido
tt32150467,They're Here,Movie,2024,6
tt32150914,Full Throttle 2,Movie,2024,4
tt32151168,Charming Men: Part 2 - Camilla,Movie,2024,6
tt32160590,The Incredible 7,Movie,2024,5
tt32161844,Guide,Movie,2024,2
tt32161887,Vampires Saga,Movie,2024,
tt32175179,Night of the Dead,Movie,2023,
tt32150254,Rule of the Game: Human Hunting,Movie,2021,1
tt32152281,The Fate of the World 3,Movie,2021,1
tt32151097,Thieves,Movie,2020,10
tt32151168,Charming Men: Part 2 - Camilla,Movie,2024,6
tt32160590,The Incredible 7,Movie,2024,5
tt32161844,Guide,Movie,2024,2
tt32161887,Vampires Saga,Movie,2024,
tt32175179,Night of the Dead,Movie,2023,
tt32152281,The Fate of the World 3,Movie,2021,1
tt32152247,The Fate of the World 2,Movie,2020,2
tt32175525,Culiacán vs. Mazatlán 2,Movie,2014,
