Tipo,Nombre,Año de Estreno,Mes de Estreno,ID de la Película
Movie,La fête espagnole,2019,1,tt0011216
Movie,Sha Ou,2019,4,tt0083060
Movie,Mariette in Ecstasy,2019,11,tt0116991
Movie,Wo men fu fu zhi jian,2019,4,tt0339917
Movie,Motherless Brooklyn,2019,12,tt0385887
Movie,Danger Close: The Battle of Long Tan,2019,8,tt0441881
Movie,The Last Full Measure,2020,7,tt0783640
Movie,The Dirt,2019,3,tt0800325
Movie,Dirt Music,2020,10,tt0810836
Movie,Bolden,2019,5,tt0858419
Movie,Mistero di un Impiegato,2019,2,tt10001116
Movie,Adalat,2019,3,tt10003792
Movie,Krishnam,2019,3,tt10006156
Movie,Child of Wisdom,2019,,tt10003990
Movie,Jagtsæson,2019,10,tt10006270
Movie,Pattabhiraman,2019,8,tt10002654
Movie,Ali the Blind Boxer,2019,10,tt10004074
Movie,Paradise,2019,4,tt10004574
Movie,He's My Daddy Too,2019,11,tt10006276
Movie,Barof 2019,2019,2,tt10005864
Movie,"In Their Own Words, Billy the Kid & The Lincoln County War",2019,12,tt10005378
Movie,Mesto!,2020,4,tt10007268
Movie,The Australian Dream,2019,8,tt10010368
Movie,Changing the Game,2021,6,tt10011320
Movie,Bull,2020,5,tt10008784
Movie,The Sholay Girl,2019,3,tt10011102
Movie,Family Obligations,2019,6,tt10009434
Movie,Lucky Grandma,2020,5,tt10011336
Movie,Encrypted: The Cyber Crime,2019,5,tt10009878
Movie,Death Whisper,2019,4,tt10015812
Movie,I Watched TV Show and Died from Blood,2019,3,tt10015644
Movie,Zabuti,2020,9,tt10014838
Movie,Kader Postasi,2019,12,tt10015248
Movie,Finals,2019,9,tt10019402
Movie,Ispade Rajavum Idhaya Raniyum,2019,3,tt10016532
Movie,The Purple Mist,2019,2,tt10017454
Movie,Gone Kesh,2019,3,tt10017956
Movie,Incursão,2019,8,tt10021754
Movie,Sucker for Love,2019,4,tt10022858
Movie,Nemesis,2020,8,tt10022974
Movie,Nedunalvaadai,2019,3,tt10023080
Movie,Dracula,2019,9,tt10025196
Movie,Katha Karana Heena,2019,3,tt10023506
Movie,Jack Lives Alone,2019,10,tt10031940
Movie,Piola,2021,3,tt10035478
Movie,Lucky One,2019,3,tt10033908
Movie,Mukherjee Dar Bou,2019,3,tt10034272
Movie,Death of a Traveling Life Insurance Salesman,2019,3,tt10036992
Movie,A fast passing angel,2019,1,tt10041300
Movie,Los atardeceres rojos,2019,3,tt10037428
Movie,Delta Byrd Sings,2019,7,tt10038080
Movie,Killer's Whisper,2019,7,tt10037836
Movie,Old Is Gold,2019,3,tt10039014
Movie,Flatmates,2019,7,tt10038708
Movie,Mle Kyu,2019,3,tt10037834
Movie,Muttayikkallanum Mammaliyum,2019,3,tt10039064
Movie,Perspectives of the Mind,2019,4,tt10040094
Movie,Suporter Masuk Pesantren,2019,3,tt10039546
Movie,Vinterrejse,2020,10,tt10041952
Movie,Between Maybes,2019,5,tt10044704
Movie,Butsaagui Amlalt,2019,3,tt10045266
Movie,Jiyan,2019,11,tt10043742
Movie,Humba Dreams,2019,7,tt10043746
Movie,Bumi Itu Bulat,2019,4,tt10044934
Movie,Kapi,2019,4,tt10045434
Movie,Sinner,2019,10,tt10046522
Movie,La vida en común,2019,11,tt10046208
Movie,Hang Ten,2019,12,tt10050004
Movie,Unarmed Man,2019,3,tt10049768
Movie,Ya podaryu tebe pobedu,2019,4,tt10048376
Movie,Arayakadavil,2019,3,tt10050614
Movie,Drama,2019,4,tt10050608
Movie,Brené Brown: The Call to Courage,2019,4,tt10050766
Movie,Black Fox: Age of the Ninja,2019,10,tt10052928
Movie,White Fish Season,2019,9,tt10052314
Movie,Reincarnation,2019,8,tt10050292
Movie,Milosc i milosierdzie,2019,3,tt10052290
Movie,Angel Sign,2019,11,tt10053058
Movie,Shiva's Daughter,2019,11,tt10054536
Movie,Mullapoo Viplavam,2019,3,tt10055762
Movie,Shell and Joint,2020,1,tt10052156
Movie,MeloDylan,2019,4,tt10056322
Movie,Dharmaprabhu,2019,6,tt10056510
Movie,Vellaipookal,2019,4,tt10055770
Movie,Arbëria,2021,12,tt10054940
Movie,Sale dovom daneshkadeh man,2019,10,tt10059236
Movie,Cocaine. Gangster. Talk.,2019,12,tt10058396
Movie,Best Wishes,2019,5,tt10057796
Movie,Lalji Qalandarr,2019,9,tt10063040
Movie,The Knight Before Christmas,2019,11,tt10060094
Movie,Windfall,2019,,tt10061766
Movie,Khoon-e Khoda,2019,2,tt10059220
Movie,O Olho e a Faca,2019,6,tt10062650
Movie,Sasha's Hell,2019,4,tt10062704
Movie,Memoria,2019,8,tt10063192
Movie,Hot Gimmick: Girl Meets Boy,2019,12,tt10061256
Movie,Jaddi Sardar,2019,9,tt10064270
Movie,Ma nudité ne sert à rien,2019,1,tt10065750
Movie,Ningen shikkaku: Dazai Osamu to 3-nin no onnatachi,2019,9,tt10065976
Movie,Mantan Manten,2019,4,tt10066526
Movie,Lao shi · Hao,2019,3,tt10066162
Movie,Despair,2019,3,tt10066268
Movie,Innerscape,2019,12,tt10066560
Movie,The Mountain Minor,2019,10,tt10071352
Movie,Kuvana,2019,3,tt10073630
Movie,The Soul is What Remains,2019,12,tt10074700
Movie,Ting er zou xian,2019,8,tt10074486
Movie,Jie fang - Zhong ju ying jiu,2019,12,tt10074536
Movie,Manmadhudu 2,2019,8,tt10076106
Movie,A Passagem das Horas,2019,4,tt10079310
Movie,Historia Lizy,2019,11,tt10080052
Movie,Bernard,2019,3,tt10080062
Movie,Maanasi,2019,3,tt10081154
Movie,Tandav,2019,5,tt10081402
Movie,Kabilavasthu,2019,3,tt10081162
Movie,Unexpected Reunion,2019,9,tt10081574
Movie,Evvarikee Cheppoddu,2019,10,tt10081202
Movie,Saaral,2019,3,tt10081134
Movie,Sweater,2019,3,tt10080924
Movie,Aaviri,2019,11,tt10081210
Movie,Malli Malli Chusa,2019,10,tt10081238
Movie,Le retour de Richard 3 par le train de 9h24,2020,6,tt10081286
Movie,Vilambaram,2019,3,tt10081166
Movie,Gujarat 11,2019,11,tt10080996
Movie,Chandigarh Amritsar Chandigarh,2019,5,tt10084190
Movie,Blood on Her Name,2020,2,tt10085338
Movie,Dwikhondito,2019,3,tt10084684
Movie,Nerea,2019,3,tt10085298
Movie,Impossible to Imagine,2019,3,tt10086930
Movie,Neerthirai,2019,3,tt10084608
Movie,Neele Gagan Ke Tale,2019,1,tt10087852
Movie,My Angel My Teacher,2019,4,tt10084614
Movie,Vinara sodara veera kumara,2019,3,tt10084780
Movie,Kahi Kshan Premache,2019,4,tt10084358
Movie,Kizim Gibi Kokuyorsun,2020,7,tt10086502
Movie,Auerhaus,2019,12,tt10084688
Movie,Kagefumi,2019,11,tt10086648
Movie,John Light,2019,8,tt10086784
Movie,I Wanted Our Summer,2019,12,tt10085524
Movie,Highest Point,2019,,tt10086836
Movie,Free Spirit,2019,4,tt10088006
Movie,Bed of Thorns,2019,3,tt10089152
Movie,"Mr. Hikita, I Am Knocked Up",2019,10,tt10091380
Movie,Raia 4,2019,12,tt10090744
Movie,Holiday Rush,2019,11,tt10091530
Movie,Rumput Tetangga,2019,4,tt10092860
Movie,Get Real,2019,5,tt10095498
Movie,Journey of Unity,2019,8,tt10094644
Movie,Song wo shang qing yun,2019,8,tt10097364
Movie,Di shi yi hui,2021,4,tt10097436
Movie,Arrhythmia,2019,,tt10096850
Movie,Vermelha,2019,1,tt10097752
Movie,Chao ji de wo,2021,4,tt10097544
Movie,Shuang sheng,2019,4,tt10098374
Movie,Stranded,2019,4,tt10097816
Movie,Ni shi xiong shou,2019,11,tt10097530
Movie,Hui dao guo qu yong bao ni,2019,7,tt10097832
Movie,Finky,2019,7,tt10098472
Movie,Omar and Us,2019,10,tt10100506
Movie,Hitoyo,2019,11,tt10101846
Movie,Nadhoo Kha'n,2019,4,tt10102192
Movie,Chernobyl: Zona otchuzhdeniya,2019,9,tt10100620
Movie,In a New York Minute,2019,4,tt10107868
Movie,Dhumas,2019,4,tt10106734
Movie,La rivoluzione,2019,5,tt10105850
Movie,Common Creed,2019,10,tt10108074
Movie,BABA 'Bu Alem Bi Alem',2019,3,tt10109750
Movie,Island,2019,4,tt10111182
Movie,Bau Na Vichaar,2019,5,tt10112154
Movie,Solo no,2019,5,tt10112020
Movie,A Biopic from the Film Industry,2019,7,tt10111630
Movie,Smile Please,2019,7,tt10111568
Movie,Between Heaven and Earth,2020,12,tt10111746
Movie,A mano disarmata,2019,6,tt10115638
Movie,Mak lo yan,2020,9,tt10117402
Movie,Sag Du Es Mir,2019,10,tt10116488
Movie,Ragmork,2019,5,tt10115644
Movie,Chance,2019,5,tt10117554
Movie,Planted,2019,,tt10118092
Movie,377 AbNormal,2019,3,tt10118064
Movie,Nra masin kam te inchpes na chvakhetsav arjits,2019,9,tt10124442
Movie,Chambal,2019,2,tt10122038
Movie,Cult,2019,10,tt10122846
Movie,Sur la peau,2019,7,tt10122334
Movie,Test Pattern,2021,2,tt10121508
Movie,Chhalawa,2019,6,tt10125662
Movie,Sapos,2019,4,tt10123034
Movie,In Search of Echo,2019,4,tt10121894
Movie,Frantsuz,2020,1,tt10124714
Movie,Post,2019,4,tt10126462
Movie,Mens,2019,1,tt10125774
Movie,Ru ying sui xin,2019,4,tt10126628
Movie,National Theatre Live: The Lehman Trilogy,2019,7,tt10127546
Movie,Shootout at Kanpur,2019,3,tt10127746
Movie,Reprint,2019,8,tt10127696
Movie,Swayamvada,2019,4,tt10133066
Movie,Boucan,2019,4,tt10134522
Movie,Kasaai,2020,10,tt10133680
Movie,Slugi wojny,2019,8,tt10133378
Movie,Greenfield,2019,10,tt10133278
Movie,Under the Weather,2019,3,tt10133856
Movie,Special,2019,6,tt10133076
Movie,A Death Perspective,2019,6,tt10132970
Movie,Las campañas de invierno,2019,4,tt10135960
Movie,Stuk kapel po steklu,2019,4,tt10135490
Movie,Valiyaperunnal,2019,12,tt10136880
Movie,Adwokat,2020,9,tt10136364
Movie,Fraemling,2019,10,tt10138312
Movie,Ana Zhan,2019,5,tt10136768
Movie,Realization,2019,4,tt10142050
Movie,Beer Conversations,2019,8,tt10140024
Movie,Kusumitar Gappo,2019,3,tt10141690
Movie,A Man Who Meets Himself,2019,4,tt10140632
Movie,Beneath the Scar,2019,3,tt10144160
Movie,Das perfekte Geheimnis,2019,10,tt10145122
Movie,Doberman,2019,5,tt10146204
Movie,Kerosin,2020,3,tt10146198
Movie,Wo he wo de zu guo,2019,9,tt10147382
Movie,Welad Rizk 2,2019,8,tt10151260
Movie,No Storybook Love,2019,4,tt10151286
Movie,313 Detectives,2019,10,tt10151318
Movie,Tujhich Re,2019,6,tt10152332
Movie,Jesusa,2019,4,tt10151630
Movie,In the Fish,2019,6,tt10151968
Movie,"Tinanjali, a song of life",2019,3,tt10151560
Movie,Felony Murder,2019,12,tt1015458
Movie,Cobra,2019,10,tt10152772
Movie,"Hello, Love, Goodbye",2019,7,tt10156112
Movie,Menka Urvashi,2019,3,tt10157796
Movie,Kudimagan,2019,4,tt10157446
Movie,La femme de mon frère,2019,6,tt10155342
Movie,Ave Rara,2019,7,tt10157748
Movie,Alva,2020,1,tt10153664
Movie,Da Story B4 Da Glory,2019,7,tt10155126
Movie,Ganesha Meendum Santhipom,2019,4,tt10157470
Movie,Holiday Heist,2019,11,tt10156020
Movie,Rahaei,2019,12,tt10160650
Movie,Rocky: The Revenge,2019,4,tt10156406
Movie,Jewel Thieves,2019,9,tt10160844
Movie,NT Live: Cyrano de Bergerac,2020,2,tt10160742
Movie,Benden Hikâyesi,2019,4,tt10163286
Movie,Voy por ti,2019,3,tt10166836
Movie,Yume no Oto,2019,3,tt10164640
Movie,The Power of Beauty,2019,10,tt10167590
Movie,Belle Douleur,2019,8,tt10176320
Movie,Mirrors,2019,,tt10171578
Movie,Los días de Ayotzinapa (The 43s),2019,2,tt10177384
Movie,Miranda House,2019,4,tt10178860
Movie,Stanley,2019,4,tt10178056
Movie,Baalaa,2019,5,tt10178894
Movie,Equinox,2019,2,tt10178846
Movie,Ilk Adim: 1919,2019,,tt10183862
Movie,"Hello, My Cat",2019,8,tt10181246
Movie,Kuttymama,2019,5,tt10183682
Movie,Love;Life,2019,4,tt10186096
Movie,Leela,2019,4,tt10183664
Movie,Tux and Fanny,2019,5,tt10187146
Movie,Sunrise/Sunset,2019,6,tt10187248
Movie,Thanh Pho Ngu Gat,2019,11,tt10187130
Movie,Thamaasha,2019,6,tt10187686
Movie,Prisoners of the Moon,2019,6,tt10189594
Movie,Finding You,2019,5,tt10188328
Movie,Lunana: A Yak in the Classroom,2020,4,tt10189300
Movie,Wo de chong wu shi da xiang,2019,4,tt10192320
Movie,La Fundación de Lucía,2019,8,tt10192976
Movie,Paradise - Una nuova vita,2020,10,tt10189540
Movie,Love Me Tender,2019,8,tt10189466
Movie,Squat32,2019,4,tt10192598
Movie,The last red house,2019,3,tt10194714
Movie,Zui hao de wo men,2019,6,tt10195976
Movie,Virupaa,2019,4,tt10196160
Movie,American Skin,2021,1,tt10195452
Movie,Küçük Seyler,2019,11,tt10196140
Movie,Yin he bu xi ban,2019,7,tt10195210
Movie,Ramprasad Ki Tehrvi,2021,1,tt10196464
Movie,Rahman 1400,2019,3,tt10196142
Movie,Wildflower,2019,7,tt10195832
Movie,Man & Wife,2019,5,tt10195336
Movie,Bad Girl,2019,4,tt10197650
Movie,Blackwell,2021,,tt10198412
Movie,The Ten Virgins,2019,8,tt10200410
Movie,Les misérables,2020,2,tt10199590
Movie,Dylda,2020,2,tt10199640
Movie,Sailing Lessons 2,2019,2,tt10203960
Movie,The Dream Map,2019,4,tt10199336
Movie,What Colour is this World,2019,3,tt10200068
Movie,Adam,2020,7,tt10199664
Movie,Blue,2019,8,tt10203100
Movie,Atlantique,2020,2,tt10199586
Movie,Mirage,2019,12,tt10199588
Movie,Liberté,2019,9,tt10199670
Movie,Trois jours et une vie,2019,9,tt10204366
Movie,Chong ai,2019,12,tt10203982
Movie,The Last Session,2019,4,tt10204712
Movie,Donne-moi des ailes,2019,8,tt10204940
Movie,Three Nobunagas,2019,9,tt10206204
Movie,Ichigo no uta,2019,7,tt10206162
Movie,Chiisana koi no uta,2019,5,tt10206614
Movie,Waste,2019,9,tt10207346
Movie,"Family Romance, LLC",2020,7,tt10208194
Movie,Christmas a la Mode,2019,11,tt10210182
Movie,Gou yan kan ren xin,2019,4,tt10214198
Movie,Angel Fever,2019,2,tt10214872
Movie,Dark Blue,2019,5,tt10214900
Movie,Anxiety and Depression: Proof of Happiness,2019,4,tt10214162
Movie,Nado mnoyu solntse ne saditsya,2020,2,tt10217624
Movie,Three in One Room,2019,9,tt10218834
Movie,Ceniza negra,2020,3,tt10219406
Movie,Xiao xiao de yuan wang,2019,9,tt10219674
Movie,Chunjiang shuinuan,2020,8,tt10219146
Movie,Zhong guo ji zhang,2019,9,tt10218664
Movie,Lie huo ying xiong,2019,8,tt10218674
Movie,Edakkad Battalion 06,2019,10,tt10218838
Movie,Tu mérites un amour,2019,9,tt10223546
Movie,Karate Do,2019,8,tt10223114
Movie,Litigante,2019,11,tt10223552
Movie,Sem Seu Sangue,2019,5,tt10222752
Movie,The Desert River,2019,3,tt10225882
Movie,Ombathane Adbutha,2019,4,tt10225702
Movie,El Camino Hacia Mi,2019,5,tt10225730
Movie,Timelife,2019,4,tt10224912
Movie,Huo zhe chang zhe,2019,11,tt10225288
Movie,Vif-argent,2019,8,tt10224624
Movie,Koali & Rice,2019,4,tt10226012
Movie,From Sensei,2019,10,tt10227754
Movie,Por el dinero,2019,5,tt10228188
Movie,Perdrix,2020,7,tt10228204
Movie,Tlamess,2020,2,tt10228180
Movie,Against All Odds,2019,10,tt10229222
Movie,Brick,Desconocido,Desconocido,tt10227710
Movie,A Quarta Parede,2019,5,tt10229588
Movie,Bagrut,2019,4,tt10230288
Movie,M.I.S.T.E.R (Made It Surviving Through Extreme Reality),2019,4,tt10230258
Movie,Pariban: Idola dari Tanah Jawa,2019,5,tt10230316
Movie,Jesús de Nazaret,2019,4,tt10233050
Movie,Opt-in,2019,4,tt10232800
Movie,Die Lehrerin,2019,6,tt10234992
Movie,Black Yellow,Desconocido,Desconocido,tt10233908
Movie,"Spring, Again",2019,4,tt10237592
Movie,Nebaj,2019,6,tt10238748
Movie,Piove deserto,2019,5,tt10238520
Movie,Heaven's Hell,2019,5,tt10238712
Movie,Inseparable Bros,2019,5,tt10237612
Movie,ILU America (Land of America),2019,9,tt10239560
Movie,Me Without You,2019,9,tt10239580
Movie,Stand-Up,2019,5,tt10239154
Movie,Marksheet,2019,11,tt10241002
Movie,D-Day,2019,7,tt10239930
Movie,Broken/Together,2019,6,tt10240428
Movie,#Truth,2021,1,tt10240886
Movie,DU,2019,6,tt10244592
Movie,"Births, Deaths and Marriages",2019,7,tt10243608
Movie,Bad Honey,2019,11,tt10243774
Movie,Quase Livres,2019,7,tt10245362
Movie,Oishii kazoku,2019,9,tt10245616
Movie,Chopsticks,2019,5,tt10243678
Movie,Ang hupa,2019,7,tt10244756
Movie,Lillian,2020,3,tt10244754
Movie,Ghost Tropic,2020,1,tt10244760
Movie,Deutschland ist... Heim,2019,,tt10243528
Movie,This Is Not About You,2019,4,tt10246332
Movie,Superstorm: A Love Story,2019,7,tt10245956
Movie,Sukep: The Movie,2019,5,tt10246058
Movie,Jwlwi - The Seed,2020,7,tt10247160
Movie,Saeng-il,2019,4,tt10248334
Movie,A Dose of Happiness,2019,11,tt10249780
Movie,66 Sadashiv,2019,5,tt10251300
Movie,Ek Hota Pani,2019,5,tt10251362
Movie,Muj pribeh,2020,1,tt10251962
Movie,Allahu Akbar,2019,,tt10252928
Movie,Loafers,2019,5,tt10251576
Movie,La dea fortuna,2021,6,tt10256570
Movie,Urbano,2019,9,tt10256368
Movie,Voskresenye,2019,9,tt10256894
Movie,Ambu,2019,5,tt10256818
Movie,Gosti,2019,3,tt10260294
Movie,Tapeworm,2019,9,tt10259162
Movie,La berceuse d'Elphie,2019,12,tt10257148
Movie,Antigone,2020,8,tt10260042
Movie,Rakuen,2019,10,tt10261338
Movie,Anywhere Is Here,2019,5,tt10260810
Movie,Cranks,2019,9,tt10262632
Movie,Ek Gulelbaaz the Catapult,Desconocido,Desconocido,tt10263986
Movie,Muna,2019,12,tt10264732
Movie,Jack,2019,5,tt10265934
Movie,Exit Point,Desconocido,Desconocido,tt10268240
Movie,Tropical Abyss,Desconocido,Desconocido,tt10268220
Movie,Ahora y siempre,2019,5,tt10269474
Movie,Passeggeri notturni,2019,5,tt10270344
Movie,"Io, Leonardo",2019,10,tt10270592
Movie,The Lawyers: Pokrol Bambu,2019,5,tt10270632
Movie,A Resistance,2019,2,tt10276054
Movie,Love Flower,2019,7,tt10275398
Movie,Falaises,2019,4,tt10275980
Movie,Eva: Stories,2019,5,tt10274638
Movie,Alone,2019,8,tt10274594
Movie,Lvx Æterna,2020,9,tt10272534
Movie,K-13,2019,5,tt10275440
Movie,Beshoot,2019,8,tt10276554
Movie,Talk to Me,2019,4,tt10277158
Movie,Witches of the Water,2019,12,tt10278386
Movie,Clean Break,2019,8,tt10279000
Movie,Libertins,2019,6,tt10278136
Movie,Away Bus,Desconocido,Desconocido,tt10279092
Movie,Film Festival Film,2019,2,tt10277182
Movie,Güller,2019,6,tt10278276
Movie,Divaldo: O Mensageiro da Paz,2019,9,tt10278930
Movie,Nic nie ginie,2020,3,tt10283960
Movie,Broke,2019,8,tt10278584
Movie,Les deux crayons,2019,6,tt10279592
Movie,Ghost Writer,2019,6,tt10280220
Movie,Ne Olur Gitme,2019,5,tt10281468
Movie,Frau Stern,2019,8,tt10286140
Movie,Once in Trubchevsk,2021,7,tt10287616
Movie,The Good Old Days,2019,5,tt10287980
Movie,Si Doel the Movie 2,2019,6,tt10290062
Movie,Wallet Sized Photo,2019,2,tt10290322
Movie,Anhedonia,2019,5,tt10290998
Movie,Bullied,2019,5,tt10289708
Movie,Terminal Sud,2019,11,tt10292050
Movie,Take Over Zone,2020,9,tt10291648
Movie,Black Hand,2019,9,tt10292974
Movie,Coffee with God,2019,7,tt10294458
Movie,Sunburned,2020,7,tt10295834
Movie,Bittersweet Waters,2019,5,tt10293074
Movie,Down Swan,2019,5,tt10295526
Movie,Jyeshthoputro,2019,4,tt10294858
Movie,Regenwetter,2019,12,tt10295106
Movie,Kalavani 2,2019,7,tt10295824
Movie,Hemelrijken,2019,12,tt10295902
Movie,Thanthai Sol Mikka Manthiram Illai,2019,5,tt10295770
Movie,The Girl in a Tiny Room,2019,7,tt10296286
Movie,Así habló el cambista,2019,9,tt10298454
Movie,Singa,2019,5,tt10298052
Movie,V for Victor,2019,7,tt10298006
Movie,Runts,2019,5,tt10299640
Movie,Okate Life,2019,5,tt10300302
Movie,The Lovely Mrs. Mookherjee,2019,3,tt10301262
Movie,Kidnap,2019,6,tt10300662
Movie,Khananam,2019,5,tt10300564
Movie,Lynn + Lucy,2020,7,tt10300174
Movie,Jalsaghar,2019,5,tt10300634
Movie,Vedhamanavan,2019,5,tt10300334
Movie,Ego,2019,11,tt10302640
Movie,La Flor de Taboga,2019,5,tt10303516
Movie,Uyut,2019,3,tt10303954
Movie,Arctic Apocalypse,2019,9,tt10305328
Movie,Arid Cut,2019,,tt10306104
Movie,B309,2019,11,tt10305920
Movie,Claire,Desconocido,Desconocido,tt10306238
Movie,Silo,2019,10,tt10306516
Movie,Malaal,2019,7,tt10305616
Movie,Tasweerein,2019,5,tt10308026
Movie,Eorin uiroein,2019,5,tt10308634
Movie,Flower Boy,2019,5,tt10308538
Movie,Love Pain Sevdah,2019,5,tt10309362
Movie,Burû awâ ni buttobasu,2019,10,tt10309218
Movie,Winter Song,2019,12,tt10309574
Movie,Storozh,2019,6,tt10310222
Movie,Sadho,2019,8,tt10309910
Movie,Horizon,2019,2,tt10310010
Movie,Creation between Two Surfaces,Desconocido,Desconocido,tt10312990
Movie,Me and Mr. Canadian,2019,5,tt10315060
Movie,Mr. Jasoos,2019,5,tt10314886
Movie,El Gobernador,2019,,tt10313614
Movie,Me and Mr. Canadian,2019,5,tt10317856
Movie,Ashrunchi Zali Phule (Play),Desconocido,Desconocido,tt10319320
Movie,The Human Voice,2019,,tt10322278
Movie,Joyce,2019,5,tt10324438
Movie,Article 15,2019,9,tt10324144
Movie,Chihuo Quan Wang,2019,11,tt10322726
Movie,Password,2019,6,tt10323688
Movie,Magic,2019,7,tt10325662
Movie,Loving Martin,2019,3,tt10327946
Movie,Rabbit,Desconocido,Desconocido,tt10326530
Movie,San Cipriano Road,2019,,tt10326932
Movie,A Child of the King,2019,9,tt10328018
Movie,Mokalik (Mechanic),2019,9,tt10327136
Movie,From The Barrio to The Board Room,Desconocido,Desconocido,tt10327990
Movie,Shaadi Ke Patasey,2019,7,tt10328288
Movie,Zaboronenyy,2019,9,tt10330046
Movie,Much Ado About Nothing,2019,5,tt10332120
Movie,Basht,2019,4,tt10329098
Movie,Night Bus to Lagos,Desconocido,Desconocido,tt10332028
Movie,Airport Ride,2019,12,tt10332892
Movie,Thrissur Pooram,2019,12,tt10329838
Movie,Geroy,2019,9,tt10329842
Movie,Clustered Colours,Desconocido,Desconocido,tt10332086
Movie,Annem,2019,9,tt10332672
Movie,99,2019,5,tt10329084
Movie,La Médium del Venerable,2019,5,tt10332248
Movie,Finding Purpose: The Road to Redemption,2019,10,tt10332260
Movie,Chhorriyan Chhoron Se Kam Nahi Hoti,2019,5,tt10334286
Movie,Birdsong,2020,7,tt10340452
Movie,Midnight in Paris,2020,10,tt10340148
Movie,A Ship of Human Skin,2019,2,tt10342350
Movie,Fighter,2019,7,tt10340366
Movie,Rumah Kentang: The Beginning,2019,11,tt10340748
Movie,Mookavismitha,2019,5,tt10345170
Movie,Vogadors de Mar Obert,2019,9,tt10345888
